"SYS_FIELD_NAME"," FIELD_DESC",
"YEAR","Year",
"QUARTER","Quarter (1-4)",
"MONTH","Month",
"DAY_OF_MONTH","Day of Month",
"DAY_OF_WEEK","Day of Week",
"FL_DATE","Flight Date (yyyymmdd)",
"UNIQUE_CARRIER","Unique Carrier Code. When the same code has been used by multiple carriers, a numeric suffix is used for earlier users, for example, PA, PA(1), PA(2). Use this field for analysis across a range of years.",
"FL_NUM","Flight Number",
"ORIGIN","Origin Airport",
"ORIGIN_CITY_NAME","Origin Airport, City Name",
"ORIGIN_STATE_ABR","Origin Airport, State Code",
"DEST","Destination Airport",
"DEST_CITY_NAME","Destination Airport, City Name",
"DEST_STATE_ABR","Destination Airport, State Code",
"CRS_DEP_TIME","CRS Departure Time (local time: hhmm)",
"DEP_TIME","Actual Departure Time (local time: hhmm)",
"DEP_DELAY","Difference in minutes between scheduled and actual departure time. Early departures show negative numbers.",
"DEP_DELAY_NEW","Difference in minutes between scheduled and actual departure time. Early departures set to 0.",
"DEP_DEL15","Departure Delay Indicator, 15 Minutes or More (1=Yes)",
"DEP_DELAY_GROUP","Departure Delay intervals, every (15 minutes from <-15 to >180)",
"DEP_TIME_BLK","CRS Departure Time Block, Hourly Intervals",
"CRS_ARR_TIME","CRS Arrival Time (local time: hhmm)",
"ARR_TIME","Actual Arrival Time (local time: hhmm)",
"ARR_DELAY","Difference in minutes between scheduled and actual arrival time. Early arrivals show negative numbers.",
"ARR_DELAY_NEW","Difference in minutes between scheduled and actual arrival time. Early arrivals set to 0.",
"ARR_DEL15","Arrival Delay Indicator, 15 Minutes or More (1=Yes)",
"ARR_DELAY_GROUP","Arrival Delay intervals, every (15-minutes from <-15 to >180)",
"ARR_TIME_BLK","CRS Arrival Time Block, Hourly Intervals",
"CANCELLED","Cancelled Flight Indicator (1=Yes)",
"DIVERTED","Diverted Flight Indicator (1=Yes)",
"CRS_ELAPSED_TIME","CRS Elapsed Time of Flight, in Minutes",
"ACTUAL_ELAPSED_TIME","Elapsed Time of Flight, in Minutes",
"FLIGHTS","Number of Flights",
"DISTANCE","Distance between airports (miles)",
"DISTANCE_GROUP","Distance Intervals, every 250 Miles, for Flight Segment",
